{"version":3,"sources":["../src/intro.js.txt","../src/themes/apex/ApexTheme.js","../src/outro.js.txt"],"names":[],"mappings":";;;;;;;;;;AAAA,CAAC,CAAC,QAAQ,CAAC,CAAC,CAAC,EAAE,CAAC,CAAC,CAAC,CAAC;AACnB;AACA,CAAC,GAAG,CAAC,MAAM,EAAE;;ACFb,GAAG;AACH,CAAC,CAAC,CAAC,CAAC,KAAK;AACT,CAAC,CAAC,CAAC,CAAC,OAAO,CAAC,EAAE,CAAC,EAAE,CAAC,KAAK;AACvB,CAAC,CAAC;AACF,CAAC,CAAC,CAAC,CAAC,WAAW;AACf,CAAC,EAAE;AACH,EAAE,CAAC,EAAE,CAAC,SAAS,CAAC,CAAC,CAAC,QAAQ,CAAC,aAAa,EAAE,CAAC,CAAC;AAC5C,CAAC,EAAE,CAAC,MAAM,CAAC,WAAW;AACtB,CAAC,EAAE,CAAC,EAAE,CAAC,SAAS,CAAC,KAAK,CAAC,IAAI,CAAC,CAAC,IAAI,CAAC,EAAE;AACpC,EAAE;AACF;AACA,EAAE,CAAC,KAAK,CAAC,EAAE;AACX;AACA,EAAE,CAAC,YAAY,CAAC,CAAC,EAAE,CAAC,EAAE,CAAC,SAAS,CAAC,CAAC,EAAE,CAAC,EAAE,CAAC,KAAK,CAAC,EAAE;AAChD;AACA,EAAE,CAAC,OAAO,CAAC,EAAE;AACb;AACA,GAAG;AACH,CAAC,CAAC,CAAC,CAAC,UAAU;AACd,CAAC,EAAE;AACH,EAAE,CAAC,EAAE,CAAC,SAAS,CAAC,SAAS,CAAC,2BAA2B,CAAC,CAAC,CAAC,QAAQ,CAAC,EAAE,CAAC,CAAC;AACrE,CAAC,MAAM,CAAC,GAAG,CAAC;AACZ,EAAE;AACF;AACA,EAAE,CAAC,aAAa,CAAC,EAAE;AACnB;AACA,EAAE,CAAC,EAAE,CAAC,KAAK,CAAC,CAAC,CAAC,GAAG,CAAC,EAAE,CAAC,EAAE,CAAC,SAAS,GAAG;;AC1BpC,EAAE,CAAC,EAAE,CAAC,CAAC,CAAC,EAAE","file":"oojs-ui-apex.js","sourcesContent":["( function ( OO ) {\n\n'use strict';\n","/**\n * @class\n * @extends OO.ui.Theme\n *\n * @constructor\n */\nOO.ui.ApexTheme = function OoUiApexTheme() {\n\t// Parent constructor\n\tOO.ui.ApexTheme.super.call( this );\n};\n\n/* Setup */\n\nOO.inheritClass( OO.ui.ApexTheme, OO.ui.Theme );\n\n/* Methods */\n\n/**\n * @inheritdoc\n */\nOO.ui.ApexTheme.prototype.getDialogTransitionDuration = function () {\n\treturn 250;\n};\n\n/* Instantiation */\n\nOO.ui.theme = new OO.ui.ApexTheme();\n","}( OO ) );\n"]}