{
	"prefix": "oo-ui-icon",
	"intro": "@import '../../../../src/styles/common.less';",
	"images": {
		"alert": {
			"file": "../wikimediaui/images/icons/alert.svg"
		},
		"bell": {
			"file": "../wikimediaui/images/icons/bell.svg"
		},
		"bellOutline": {
			"file": "../wikimediaui/images/icons/bellOutline.svg"
		},
		"error": {
			"file": "../wikimediaui/images/icons/error.svg"
		},
		"message": {
			"file": "../wikimediaui/images/icons/message.svg"
		},
		"notice": {
			"file": "../wikimediaui/images/icons/notice.svg"
		},
		"speechBubble": {
			"file": {
				"ltr": "../wikimediaui/images/icons/speechBubble-ltr.svg",
				"rtl": "../wikimediaui/images/icons/speechBubble-rtl.svg"
			}
		},
		"speechBubbleAdd": {
			"file": {
				"ltr": "../wikimediaui/images/icons/speechBubbleAdd-ltr.svg",
				"rtl": "../wikimediaui/images/icons/speechBubbleAdd-rtl.svg"
			}
		},
		"speechBubbles": {
			"file": {
				"ltr": "../wikimediaui/images/icons/speechBubbles-ltr.svg",
				"rtl": "../wikimediaui/images/icons/speechBubbles-rtl.svg"
			}
		},
		"tray": {
			"file": "../wikimediaui/images/icons/tray.svg"
		}
	}
}
