{
	"prefix": "oo-ui-icon",
	"intro": "@import '../../../../src/styles/common.less';",
	"images": {
		"bookmarkOutline": {
			"file": "../wikimediaui/images/icons/bookmarkOutline.svg"
		},
		"bookmark": {
			"file": "../wikimediaui/images/icons/bookmark.svg"
		},
		"block": {
			"file": "../wikimediaui/images/icons/block.svg"
		},
		"unBlock": {
			"file": "../wikimediaui/images/icons/unBlock.svg"
		},
		"flag": {
			"file": {
				"ltr": "../wikimediaui/images/icons/flag-ltr.svg",
				"rtl": "../wikimediaui/images/icons/flag-rtl.svg"
			}
		},
		"unFlag": {
			"file": {
				"ltr": "../wikimediaui/images/icons/unFlag-ltr.svg",
				"rtl": "../wikimediaui/images/icons/unFlag-rtl.svg"
			}
		},
		"lock": {
			"file": "../wikimediaui/images/icons/lock.svg"
		},
		"unLock": {
			"file": "../wikimediaui/images/icons/unLock.svg"
		},
		"restore": {
			"file": "../wikimediaui/images/icons/restore.svg"
		},
		"star": {
			"file": "../wikimediaui/images/icons/star.svg"
		},
		"halfStar": {
			"file": {
				"ltr": "../wikimediaui/images/icons/halfStar-ltr.svg",
				"rtl": "../wikimediaui/images/icons/halfStar-rtl.svg"
			}
		},
		"unStar": {
			"file": "../wikimediaui/images/icons/unStar.svg"
		},
		"trash": {
			"file": "../wikimediaui/images/icons/trash.svg"
		},
		"pushPin": {
			"file": "../wikimediaui/images/icons/pushPin.svg"
		},
		"ongoingConversation": {
			"file": {
				"ltr": "../wikimediaui/images/icons/ongoingConversation-ltr.svg",
				"rtl": "../wikimediaui/images/icons/ongoingConversation-rtl.svg"
			}
		}
	}
}
