{
	"prefix": "oo-ui-icon",
	"intro": "@import '../../../../src/styles/common.less';",
	"images": {
		"edit": {
			"file": "../wikimediaui/images/icons/edit.svg"
		},
		"editLock": {
			"file": "../wikimediaui/images/icons/editLock.svg"
		},
		"editUndo": {
			"file": {
				"ltr": "../wikimediaui/images/icons/editUndo-ltr.svg",
				"rtl": "../wikimediaui/images/icons/editUndo-rtl.svg"
			}
		},
		"link": {
			"file": "../wikimediaui/images/icons/link.svg"
		},
		"unLink": {
			"file": "../wikimediaui/images/icons/unLink.svg"
		},
		"linkExternal": {
			"file": {
				"ltr": "../wikimediaui/images/icons/linkExternal-ltr.svg",
				"rtl": "../wikimediaui/images/icons/linkExternal-rtl.svg"
			}
		},
		"linkSecure": {
			"file": "../wikimediaui/images/icons/linkSecure.svg"
		},
		"redo": {
			"file": {
				"ltr": "../wikimediaui/images/icons/redo-ltr.svg",
				"rtl": "../wikimediaui/images/icons/redo-rtl.svg"
			}
		},
		"undo": {
			"file": {
				"ltr": "../wikimediaui/images/icons/undo-ltr.svg",
				"rtl": "../wikimediaui/images/icons/undo-rtl.svg"
			}
		}
	}
}
