{
	"prefix": "oo-ui-icon",
	"intro": "@import '../../../../src/styles/common.less';",
	"images": {
		"bigger": {
			"file": "../wikimediaui/images/icons/bigger.svg"
		},
		"smaller": {
			"file": "../wikimediaui/images/icons/smaller.svg"
		},
		"subscript": {
			"file": {
				"ltr": "../wikimediaui/images/icons/subscript-ltr.svg",
				"rtl": "../wikimediaui/images/icons/subscript-rtl.svg"
			}
		},
		"superscript": {
			"file": {
				"ltr": "../wikimediaui/images/icons/superscript-ltr.svg",
				"rtl": "../wikimediaui/images/icons/superscript-rtl.svg"
			}
		},
		"bold": {
			"file": {
				"default": "../wikimediaui/images/icons/bold-a.svg",
				"lang": {
					"ar": "../wikimediaui/images/icons/bold-arab-ain.svg",
					"be": "../wikimediaui/images/icons/bold-cyrl-te.svg",
					"ce": "../wikimediaui/images/icons/bold-cyrl-palochka.svg",
					"cs,en,he,ml,pl,sco": "../wikimediaui/images/icons/bold-b.svg",
					"da,de,hu,ksh,nn,no,sv": "../wikimediaui/images/icons/bold-f.svg",
					"es,gl,pt": "../wikimediaui/images/icons/bold-n.svg",
					"eu,fi": "../wikimediaui/images/icons/bold-l.svg",
					"fa": "../wikimediaui/images/icons/bold-arab-dad.svg",
					"fr,it": "../wikimediaui/images/icons/bold-g.svg",
					"hy": "../wikimediaui/images/icons/bold-armn-to.svg",
					"ka": "../wikimediaui/images/icons/bold-geor-man.svg",
					"ky,ru,uk": "../wikimediaui/images/icons/bold-cyrl-zhe.svg",
					"nl": "../wikimediaui/images/icons/bold-v.svg",
					"os": "../wikimediaui/images/icons/bold-cyrl-be.svg",
					"ur": "../wikimediaui/images/icons/bold-arab-jeem.svg"
				}
			}
		},
		"highlight": {
			"file": "../wikimediaui/images/icons/highlight.svg"
		},
		"italic": {
			"file": {
				"default": "../wikimediaui/images/icons/italic-a.svg",
				"lang": {
					"ar": "../wikimediaui/images/icons/italic-arab-meem.svg",
					"cs,en,fr,he,ml,pl,pt,sco": "../wikimediaui/images/icons/italic-i.svg",
					"be,ce,da,de,fi,ky,nn,no,os,sv,ru,uk": "../wikimediaui/images/icons/italic-k.svg",
					"es,gl,it,nl": "../wikimediaui/images/icons/italic-c.svg",
					"eu": "../wikimediaui/images/icons/italic-e.svg",
					"fa": "../wikimediaui/images/icons/italic-arab-keheh-jeem.svg",
					"hu": "../wikimediaui/images/icons/italic-d.svg",
					"hy": "../wikimediaui/images/icons/italic-armn-sha.svg",
					"ksh": "../wikimediaui/images/icons/italic-s.svg",
					"ka": "../wikimediaui/images/icons/italic-geor-kan.svg",
					"ur": "../wikimediaui/images/icons/italic-arab-teh.svg"
				}
			}
		},
		"strikethrough": {
			"file": {
				"default": "../wikimediaui/images/icons/strikethrough-a.svg",
				"lang": {
					"en": "../wikimediaui/images/icons/strikethrough-s.svg",
					"fi": "../wikimediaui/images/icons/strikethrough-y.svg"
				}
			}
		},
		"underline": {
			"file": {
				"default": "../wikimediaui/images/icons/underline-a.svg",
				"lang": {
					"en,de": "../wikimediaui/images/icons/underline-u.svg"
				}
			}
		},
		"textLanguage": {
			"file": "../wikimediaui/images/icons/language.svg"
		},
		"textDirLTR": {
			"file": "../wikimediaui/images/icons/textDirLTR.svg"
		},
		"textDirRTL": {
			"file": "../wikimediaui/images/icons/textDirRTL.svg"
		},
		"textStyle": {
			"file": "../wikimediaui/images/icons/textStyle.svg"
		}
	}
}
