{
	"prefix": "oo-ui-icon",
	"intro": "@import '../../../../src/styles/common.less';",
	"images": {
		"globe": {
			"file": "../wikimediaui/images/icons/globe.svg"
		},
		"map": {
			"file": {
				"ltr": "../wikimediaui/images/icons/map-ltr.svg",
				"rtl": "../wikimediaui/images/icons/map-rtl.svg"
			}
		},
		"mapPin": {
			"file": "../wikimediaui/images/icons/mapPin.svg"
		},
		"mapPinAdd": {
			"file": "../wikimediaui/images/icons/mapPinAdd.svg"
		},
		"mapTrail": {
			"file": "../wikimediaui/images/icons/mapTrail.svg"
		}
	}
}
