{
	"prefix": "oo-ui-icon",
	"intro": "@import '../../../../src/styles/common.less';",
	"images": {
		"camera": {
			"file": "../wikimediaui/images/icons/camera.svg"
		},
		"chart": {
			"file": "../wikimediaui/images/icons/chart.svg"
		},
		"exitFullscreen": {
			"file": "../wikimediaui/images/icons/exitFullscreen.svg"
		},
		"fullScreen": {
			"file": "../wikimediaui/images/icons/fullScreen.svg"
		},
		"image": {
			"file": "../wikimediaui/images/icons/image.svg"
		},
		"imageAdd": {
			"file": {
				"ltr": "../wikimediaui/images/icons/imageAdd-ltr.svg",
				"rtl": "../wikimediaui/images/icons/imageAdd-rtl.svg"
			}
		},
		"imageBroken": {
			"file": "../wikimediaui/images/icons/imageBroken.svg"
		},
		"imageLock": {
			"file": {
				"ltr": "../wikimediaui/images/icons/imageLock-ltr.svg",
				"rtl": "../wikimediaui/images/icons/imageLock-rtl.svg"
			}
		},
		"imageGallery": {
			"file": "../wikimediaui/images/icons/imageGallery.svg"
		},
		"musicalScore": {
			"file": "../wikimediaui/images/icons/musicalScore.svg"
		},
		"pause": {
			"file": "../wikimediaui/images/icons/pause.svg"
		},
		"play": {
			"file": "../wikimediaui/images/icons/play.svg"
		},
		"stop": {
			"file": "../wikimediaui/images/icons/stop.svg"
		},
		"volumeDown": {
			"file": {
				"ltr": "../wikimediaui/images/icons/volumeDown-ltr.svg",
				"rtl": "../wikimediaui/images/icons/volumeDown-rtl.svg"
			}
		},
		"volumeOff": {
			"file": {
				"ltr": "../wikimediaui/images/icons/volumeOff-ltr.svg",
				"rtl": "../wikimediaui/images/icons/volumeOff-rtl.svg"
			}
		},
		"volumeUp": {
			"file": {
				"ltr": "../wikimediaui/images/icons/volumeUp-ltr.svg",
				"rtl": "../wikimediaui/images/icons/volumeUp-rtl.svg"
			}
		},
		"zoomIn": {
			"file": "../wikimediaui/images/icons/zoomIn.svg"
		},
		"zoomOut": {
			"file": "../wikimediaui/images/icons/zoomOut.svg"
		}
	}
}
