{
	"prefix": "oo-ui-icon",
	"intro": "@import '../../../../src/styles/common.less';",
	"images": {
		"article": {
			"file": {
				"ltr": "../wikimediaui/images/icons/article-ltr.svg",
				"rtl": "../wikimediaui/images/icons/article-rtl.svg"
			}
		},
		"articles": {
			"file": {
				"ltr": "../wikimediaui/images/icons/articles-ltr.svg",
				"rtl": "../wikimediaui/images/icons/articles-rtl.svg"
			}
		},
		"articleAdd": {
			"file": "../wikimediaui/images/icons/articleAdd.svg"
		},
		"articleCheck": {
			"file": "../wikimediaui/images/icons/articleCheck.svg"
		},
		"articleDisambiguation": {
			"file": {
				"ltr": "../wikimediaui/images/icons/articleDisambiguation-ltr.svg",
				"rtl": "../wikimediaui/images/icons/articleDisambiguation-rtl.svg"
			}
		},
		"articleNotFound": {
			"file": {
				"ltr": "../wikimediaui/images/icons/articleNotFound-ltr.svg",
				"rtl": "../wikimediaui/images/icons/articleNotFound-rtl.svg",
				"lang": {
					"he,yi": "../wikimediaui/images/icons/articleNotFound-ltr.svg"
				}
			}
		},
		"articleSearch": {
			"file": "../wikimediaui/images/icons/articleSearch.svg"
		},
		"articlesSearch": {
			"file": {
				"ltr": "../wikimediaui/images/icons/articlesSearch-ltr.svg",
				"rtl": "../wikimediaui/images/icons/articlesSearch-rtl.svg"
			}
		},
		"articleRedirect": {
			"file": {
				"ltr": "../wikimediaui/images/icons/articleRedirect-ltr.svg",
				"rtl": "../wikimediaui/images/icons/articleRedirect-rtl.svg"
			}
		},
		"database": {
			"file": "../wikimediaui/images/icons/database.svg"
		},
		"die": {
			"file": "../wikimediaui/images/icons/die.svg"
		},
		"download": {
			"file": "../wikimediaui/images/icons/download.svg"
		},
		"folderPlaceholder": {
			"file": {
				"ltr": "../wikimediaui/images/icons/folderPlaceholder-ltr.svg",
				"rtl": "../wikimediaui/images/icons/folderPlaceholder-rtl.svg"
			}
		},
		"history": {
			"file": "../wikimediaui/images/icons/history.svg"
		},
		"info": {
			"file": {
				"default": "../wikimediaui/images/icons/info.svg",
				"lang": {
					"ar": "../wikimediaui/images/icons/lightbulb.svg"
				}
			}
		},
		"infoFilled": {
			"file": {
				"default": "../wikimediaui/images/icons/infoFilled.svg",
				"lang": {
					"ar": "../wikimediaui/images/icons/lightbulb.svg"
				}
			}
		},
		"robot": {
			"file": "../wikimediaui/images/icons/robot.svg"
		},
		"share": {
			"file": "../wikimediaui/images/icons/share.svg"
		},
		"specialPages": {
			"file": {
				"ltr": "../wikimediaui/images/icons/specialPages-ltr.svg",
				"rtl": "../wikimediaui/images/icons/specialPages-rtl.svg"
			}
		},
		"tag": {
			"file": {
				"ltr": "../wikimediaui/images/icons/tag-ltr.svg",
				"rtl": "../wikimediaui/images/icons/tag-rtl.svg"
			}
		},
		"upload": {
			"file": "../wikimediaui/images/icons/upload.svg"
		},
		"window": {
			"file": "../wikimediaui/images/icons/window.svg"
		}
	}
}
