{
	"prefix": "oo-ui-icon",
	"intro": "@import '../../../../src/styles/common.less';",
	"images": {
		"menu": {
			"file": "../wikimediaui/images/icons/menu.svg"
		},
		"recentChanges": {
			"file": {
				"ltr": "../wikimediaui/images/icons/recentChanges-ltr.svg",
				"rtl": "../wikimediaui/images/icons/recentChanges-rtl.svg"
			}
		},
		"textFlow": {
			"file": {
				"ltr": "../wikimediaui/images/icons/textFlow-ltr.svg",
				"rtl": "../wikimediaui/images/icons/textFlow-rtl.svg"
			}
		},
		"textSummary": {
			"file": {
				"ltr": "../wikimediaui/images/icons/textSummary-ltr.svg",
				"rtl": "../wikimediaui/images/icons/textSummary-rtl.svg"
			}
		},
		"viewCompact": {
			"file": "../wikimediaui/images/icons/viewCompact.svg"
		},
		"viewDetails": {
			"file": {
				"ltr": "../wikimediaui/images/icons/viewDetails-ltr.svg",
				"rtl": "../wikimediaui/images/icons/viewDetails-rtl.svg"
			}
		}
	}
}
