{
	"prefix": "oo-ui-icon",
	"intro": "@import '../../../../src/styles/common.less';",
	"images": {
		"logoCC": {
			"file": "../wikimediaui/images/icons/logo-CC.svg"
		},
		"logoWikidata": {
			"file": "../wikimediaui/images/icons/logo-Wikidata.svg"
		},
		"logoWikimedia": {
			"file": "../wikimediaui/images/icons/logo-Wikimedia.svg"
		},
		"logoWikimediaCommons": {
			"file": "../wikimediaui/images/icons/logo-Wikimedia-Commons.svg"
		},
		"logoWikimediaDiscovery": {
			"file": "../wikimediaui/images/icons/logo-Wikimedia-Discovery.svg"
		},
		"logoWikipedia": {
			"file": "../wikimediaui/images/icons/logo-Wikipedia.svg"
		}
	}
}
