{
	"prefix": "oo-ui-icon",
	"intro": "@import '../../../../src/styles/common.less';",
	"images": {
		"indent": {
			"file": {
				"ltr": "../wikimediaui/images/icons/indent-ltr.svg",
				"rtl": "../wikimediaui/images/icons/indent-rtl.svg"
			}
		},
		"listBullet": {
			"file": {
				"ltr": "../wikimediaui/images/icons/listBullet-ltr.svg",
				"rtl": "../wikimediaui/images/icons/listBullet-rtl.svg"
			}
		},
		"listNumbered": {
			"file": {
				"ltr": "../wikimediaui/images/icons/listNumbered-ltr.svg",
				"rtl": "../wikimediaui/images/icons/listNumbered-rtl.svg"
			}
		},
		"outdent": {
			"file": {
				"ltr": "../wikimediaui/images/icons/outdent-ltr.svg",
				"rtl": "../wikimediaui/images/icons/outdent-rtl.svg"
			}
		}
	}
}
