{
	"prefix": "oo-ui-icon",
	"intro": "@import '../../../../src/styles/common.less';",
	"images": {
		"book": {
			"file": {
				"ltr": "../wikimediaui/images/icons/book-ltr.svg",
				"rtl": "../wikimediaui/images/icons/book-rtl.svg"
			}
		},
		"journal": {
			"file": {
				"ltr": "../wikimediaui/images/icons/journal-ltr.svg",
				"rtl": "../wikimediaui/images/icons/journal-rtl.svg"
			}
		},
		"newspaper": {
			"file": {
				"ltr": "../wikimediaui/images/icons/newspaper-ltr.svg",
				"rtl": "../wikimediaui/images/icons/newspaper-rtl.svg"
			}
		},
		"reference": {
			"file": "../wikimediaui/images/icons/reference.svg"
		},
		"referenceExisting": {
			"file": {
				"ltr": "../wikimediaui/images/icons/referenceExisting-ltr.svg",
				"rtl": "../wikimediaui/images/icons/referenceExisting-rtl.svg"
			}
		},
		"references": {
			"file": {
				"ltr": "../wikimediaui/images/icons/references-ltr.svg",
				"rtl": "../wikimediaui/images/icons/references-rtl.svg"
			}
		}
	}
}
