{
	"selectorWithoutVariant": ".oo-ui-icon-{name}",
	"selectorWithVariant": ".oo-ui-image-{variant}.oo-ui-icon-{name}",
	"intro": "@import '../../../../src/styles/common.less';",
	"variants": {
		"invert": {
			"color": "#fff",
			"global": true
		}
	},
	"images": {
		"logoCC": {
			"file": "images/icons/logo-CC.svg"
		},
		"logoWikidata": {
			"file": "images/icons/logo-Wikidata.svg"
		},
		"logoWikimedia": {
			"file": "images/icons/logo-Wikimedia.svg"
		},
		"logoWikimediaCommons": {
			"file": "images/icons/logo-Wikimedia-Commons.svg"
		},
		"logoWikimediaDiscovery": {
			"file": "images/icons/logo-Wikimedia-Discovery.svg"
		},
		"logoWikipedia": {
			"file": "images/icons/logo-Wikipedia.svg"
		}
	}
}
