{
	"selectorWithoutVariant": ".oo-ui-icon-{name}",
	"selectorWithVariant": ".oo-ui-image-{variant}.oo-ui-icon-{name}",
	"intro": "@import '../../../../src/styles/common.less';",
	"variants": {
		"invert": {
			"color": "#fff",
			"global": true
		},
		"progressive": {
			"color": "#36c",
			"global": true
		},
		"destructive": {
			"color": "#d33"
		},
		"error": {
			"color": "#d33"
		},
		"warning": {
			"color": "#edab00"
		},
		"success": {
			"color": "#14866d"
		}
	},
	"images": {
		"camera": {
			"file": "images/icons/camera.svg"
		},
		"chart": {
			"file": "images/icons/chart.svg"
		},
		"exitFullscreen": {
			"file": "images/icons/exitFullscreen.svg"
		},
		"fullScreen": {
			"file": "images/icons/fullScreen.svg"
		},
		"image": {
			"file": "images/icons/image.svg"
		},
		"imageAdd": {
			"file": {
				"ltr": "images/icons/imageAdd-ltr.svg",
				"rtl": "images/icons/imageAdd-rtl.svg"
			}
		},
		"imageBroken": {
			"file": "images/icons/imageBroken.svg"
		},
		"imageLock": {
			"file": {
				"ltr": "images/icons/imageLock-ltr.svg",
				"rtl": "images/icons/imageLock-rtl.svg"
			}
		},
		"imageGallery": {
			"file": "images/icons/imageGallery.svg"
		},
		"musicalScore": {
			"file": "images/icons/musicalScore.svg"
		},
		"pause": {
			"file": "images/icons/pause.svg"
		},
		"play": {
			"file": "images/icons/play.svg"
		},
		"stop": {
			"file": "images/icons/stop.svg"
		},
		"volumeDown": {
			"file": {
				"ltr": "images/icons/volumeDown-ltr.svg",
				"rtl": "images/icons/volumeDown-rtl.svg"
			}
		},
		"volumeOff": {
			"file": {
				"ltr": "images/icons/volumeOff-ltr.svg",
				"rtl": "images/icons/volumeOff-rtl.svg"
			}
		},
		"volumeUp": {
			"file": {
				"ltr": "images/icons/volumeUp-ltr.svg",
				"rtl": "images/icons/volumeUp-rtl.svg"
			}
		},
		"zoomIn": {
			"file": "images/icons/zoomIn.svg"
		},
		"zoomOut": {
			"file": "images/icons/zoomOut.svg"
		}
	}
}
