{
	"selectorWithoutVariant": ".oo-ui-icon-{name}",
	"selectorWithVariant": ".oo-ui-image-{variant}.oo-ui-icon-{name}",
	"intro": "@import '../../../../src/styles/common.less';",
	"variants": {
		"invert": {
			"color": "#fff",
			"global": true
		},
		"progressive": {
			"color": "#36c",
			"global": true
		},
		"destructive": {
			"color": "#d33"
		},
		"error": {
			"color": "#d33"
		},
		"warning": {
			"color": "#edab00"
		},
		"success": {
			"color": "#14866d"
		}
	},
	"images": {
		"bigger": {
			"file": "images/icons/bigger.svg"
		},
		"smaller": {
			"file": "images/icons/smaller.svg"
		},
		"subscript": {
			"file": {
				"ltr": "images/icons/subscript-ltr.svg",
				"rtl": "images/icons/subscript-rtl.svg"
			}
		},
		"superscript": {
			"file": {
				"ltr": "images/icons/superscript-ltr.svg",
				"rtl": "images/icons/superscript-rtl.svg"
			}
		},
		"bold": {
			"file": {
				"default": "images/icons/bold-a.svg",
				"lang": {
					"ar": "images/icons/bold-arab-ain.svg",
					"be": "images/icons/bold-cyrl-te.svg",
					"ce": "images/icons/bold-cyrl-palochka.svg",
					"cs,en,he,ml,pl,sco": "images/icons/bold-b.svg",
					"da,de,hu,ksh,nn,no,sv": "images/icons/bold-f.svg",
					"es,gl,pt": "images/icons/bold-n.svg",
					"eu,fi": "images/icons/bold-l.svg",
					"fa": "images/icons/bold-arab-dad.svg",
					"fr,it": "images/icons/bold-g.svg",
					"hy": "images/icons/bold-armn-to.svg",
					"ka": "images/icons/bold-geor-man.svg",
					"ky,ru,uk": "images/icons/bold-cyrl-zhe.svg",
					"nl": "images/icons/bold-v.svg",
					"os": "images/icons/bold-cyrl-be.svg",
					"ur": "images/icons/bold-arab-jeem.svg"
				}
			}
		},
		"highlight": {
			"file": "images/icons/highlight.svg"
		},
		"italic": {
			"file": {
				"default": "images/icons/italic-a.svg",
				"lang": {
					"ar": "images/icons/italic-arab-meem.svg",
					"cs,en,fr,he,ml,pl,pt,sco": "images/icons/italic-i.svg",
					"be,ce,da,de,fi,ky,nn,no,os,sv,ru,uk": "images/icons/italic-k.svg",
					"es,gl,it,nl": "images/icons/italic-c.svg",
					"eu": "images/icons/italic-e.svg",
					"fa": "images/icons/italic-arab-keheh-jeem.svg",
					"hu": "images/icons/italic-d.svg",
					"hy": "images/icons/italic-armn-sha.svg",
					"ksh": "images/icons/italic-s.svg",
					"ka": "images/icons/italic-geor-kan.svg",
					"ur": "images/icons/italic-arab-teh.svg"
				}
			}
		},
		"strikethrough": {
			"file": {
				"default": "images/icons/strikethrough-a.svg",
				"lang": {
					"en": "images/icons/strikethrough-s.svg",
					"fi": "images/icons/strikethrough-y.svg"
				}
			}
		},
		"underline": {
			"file": {
				"default": "images/icons/underline-a.svg",
				"lang": {
					"en,de": "images/icons/underline-u.svg"
				}
			}
		},
		"textLanguage": {
			"file": "images/icons/language.svg"
		},
		"textDirLTR": {
			"file": "images/icons/textDirLTR.svg"
		},
		"textDirRTL": {
			"file": "images/icons/textDirRTL.svg"
		},
		"textStyle": {
			"file": "images/icons/textStyle.svg"
		}
	}
}
