{
	"selectorWithoutVariant": ".oo-ui-icon-{name}",
	"selectorWithVariant": ".oo-ui-image-{variant}.oo-ui-icon-{name}",
	"intro": "@import '../../../../src/styles/common.less';",
	"variants": {
		"invert": {
			"color": "#fff",
			"global": true
		},
		"progressive": {
			"color": "#36c",
			"global": true
		},
		"destructive": {
			"color": "#d33"
		},
		"error": {
			"color": "#d33"
		},
		"warning": {
			"color": "#edab00"
		},
		"success": {
			"color": "#14866d"
		}
	},
	"images": {
		"arrowNext": {
			"file": {
				"ltr": "images/icons/arrowNext-ltr.svg",
				"rtl": "images/icons/arrowNext-rtl.svg"
			}
		},
		"arrowPrevious": {
			"file": {
				"ltr": "images/icons/arrowPrevious-ltr.svg",
				"rtl": "images/icons/arrowPrevious-rtl.svg"
			}
		},
		"collapse": {
			"file": "images/icons/collapse.svg"
		},
		"downTriangle": {
			"file": "images/icons/downTriangle.svg"
		},
		"draggable": {
			"file": "images/icons/draggable.svg"
		},
		"doubleChevronEnd": {
			"file": {
				"ltr": "images/icons/doubleChevronEnd-ltr.svg",
				"rtl": "images/icons/doubleChevronEnd-rtl.svg"
			}
		},
		"doubleChevronStart": {
			"file": {
				"ltr": "images/icons/doubleChevronStart-ltr.svg",
				"rtl": "images/icons/doubleChevronStart-rtl.svg"
			}
		},
		"expand": {
			"file": "images/icons/expand.svg"
		},
		"move": {
			"file": "images/icons/move.svg"
		},
		"next": {
			"file": {
				"ltr": "images/icons/next-ltr.svg",
				"rtl": "images/icons/next-rtl.svg"
			}
		},
		"previous": {
			"file": {
				"ltr": "images/icons/previous-ltr.svg",
				"rtl": "images/icons/previous-rtl.svg"
			}
		},
		"last": {
			"file": {
				"ltr": "images/icons/moveLast-ltr.svg",
				"rtl": "images/icons/moveLast-rtl.svg"
			}
		},
		"first": {
			"file": {
				"ltr": "images/icons/moveFirst-ltr.svg",
				"rtl": "images/icons/moveFirst-rtl.svg"
			}
		},
		"upTriangle": {
			"file": "images/icons/upTriangle.svg"
		}
	}
}
